{"offline_id": "f655f64febb34908a3ebf730f543d439", "project_name": "yolov5", "start_time": 1683190180485, "stop_time": 1683190187007, "tags": [], "workspace": null, "resume_strategy": "create", "customer_error_reported": true, "customer_error_message": "Unexpected error detected in the user script: Exception('\\x1b[34m\\x1b[1mtrain: \\x1b[0mError loading data from F:\\\\VSCProjects\\\\GitHubYolov5\\\\datasets\\\\BD_suspect\\\\images\\\\train: \\x1b[34m\\x1b[1mtrain: \\x1b[0mF:\\\\VSCProjects\\\\GitHubYolov5\\\\datasets\\\\BD_suspect\\\\images\\\\train does not exist\\nSee https://docs.ultralytics.com/yolov5/tutorials/train_custom_data')"}