{"offline_id": "497fea5b406149cca37250f64edc9efa", "project_name": "yolov5", "start_time": 1683191171108, "stop_time": 1683191341967, "tags": [], "workspace": null, "resume_strategy": "create", "customer_error_reported": true, "customer_error_message": "Unexpected error detected in the user script: OutOfMemoryError('CUDA out of memory. Tried to allocate 76.00 MiB (GPU 0; 16.00 GiB total capacity; 32.50 MiB already allocated; 13.44 GiB free; 54.00 MiB reserved in total by PyTorch) If reserved memory is >> allocated memory try setting max_split_size_mb to avoid fragmentation.  See documentation for Memory Management and PYTORCH_CUDA_ALLOC_CONF')"}